{
    "66": {
        "hw_pix": [
            3171,
            5061
        ],
        "hw_mm": [
            134.239,
            214.249
        ],
        "aruco_idx": 66,
        "aruco_xywhr": [
            2699,
            0,
            2362,
            2362,
            0
        ],
        "aruco_width_mm": 99.99133333333333,
        "sine_xywhr": [
            1889,
            2361,
            2362,
            473,
            -1.5707963267948966
        ],
        "lpmm_list": [
            0.25
        ],
        "bw_xywhr": [
            0,
            2699,
            5061,
            472,
            0
        ]
    }
}