{
    "11": {
        "hw_pix": [
            3171,
            5059
        ],
        "hw_mm": [
            134.239,
            214.16433333333333
        ],
        "aruco_idx": 11,
        "aruco_xywhr": [
            2697,
            0,
            2362,
            2362,
            0
        ],
        "aruco_width_mm": 99.99133333333333,
        "sine_xywhr": [
            0,
            2361,
            2362,
            2360,
            -1.5707963267948966
        ],
        "lpmm_list": [
            0.125,
            0.16666666666666666,
            0.25,
            0.3333333333333333,
            0.5
        ],
        "bw_xywhr": [
            0,
            2697,
            5059,
            472,
            0
        ]
    },
    "12": {
        "hw_pix": [
            3171,
            5059
        ],
        "hw_mm": [
            134.239,
            214.16433333333333
        ],
        "aruco_idx": 12,
        "aruco_xywhr": [
            2697,
            0,
            2362,
            2362,
            0
        ],
        "aruco_width_mm": 99.99133333333333,
        "sine_xywhr": [
            0,
            2361,
            2362,
            2360,
            -1.5707963267948966
        ],
        "lpmm_list": [
            0.125,
            0.16666666666666666,
            0.25,
            0.3333333333333333,
            0.5
        ],
        "bw_xywhr": [
            0,
            2697,
            5059,
            472,
            0
        ]
    }
}
